ANGEL,
ANGELIC,
AWE,
BELIEVER,
BIBLE,
BIBLICAL,
BISHOP,
BLESS,
CATHEDRAL,
CATHOLIC,
CHAPEL,
CHRIST,
CHRISTIAN,
CHRISTIANITY,
CHRISTMAS,
CHURCH,
CLERGYMAN,
COMMUNION,
CONGREGATION,
CONGREGATIONAL,
CONSECRATE,
COSMIC,
CONVERT,
CROSS,
CRUCIFIX,
CULT,
CURSE,
DENOMINATIONAL,
DEVIL,
DEVOTION,
DISCIPLE,
DIVINE,
DIVINITY,
EASTER,
ECUMENICAL,
ECCLESIASTICAL,
ETERNAL,
EVANGELISM,
EVIL,
FAITH,
FAITHFUL,
FATE,
GHOST,
GOD,
GODDESS,
GOSPEL,
GRACE,
GRAVE,
HEAVEN,
HEAVENLY,
HELL,
HERESY,
HOLY,
HYMN,
INVIOLABLE,
INVIOLATE,
JEW,
JEWISH,
MAGIC,
MAGICAL,
METAPHYSICAL,
METAPHYSICS,
MINISTER,
MIRACLE,
MIRACULOUS,
MISSIONARY,
MYTH,
OASIS,
ORDAIN,
ORTHODOX,
PARADISE,
PARISH,
PASTOR,
PIETY,
PILGRIMAGE,
PIOUS,
POPE,
PRAY,
PRAYER,
PREACH,
PREACHER,
PRIEST,
PROTESTANT,
PROVIDENCE,
RECTOR,
RELIGION,
RELIGIOUS,
REVEREND,
SACRED,
SAINT,
SALVATION,
SECT,
SEEKER,
SEMINARY,
SERMON,
SERVICE,
SHAKER,
SIN,
SOLEMN,
SOUL,
SPIRIT,
SPIRITUAL,
STOICISM,
SUPERNATURAL,
TEMPLE,
TESTAMENT,
THEOLOGICAL,
THEOLOGY,
TRANSCENDANT,
WHIMSICAL,
WITCH,
WORSHIP
